<?xml version="1.0" encoding="UTF-8"?>
<ibibo>
	<oneway>//*[@id="gi_oneway_label"]</oneway>
	<roundTrip>//*[@id='gi_roundtrip_label']</roundTrip>
	<sourceCity>
		<Path>//*[@id='gosuggest_inputSrc']</Path>
		<Value>Mumbai</Value>
	</sourceCity>
	<destCity>
		<Path>//*[@id='gosuggest_inputDest']</Path>
		<Value>Pune</Value>
	</destCity>
	<frmDatePath>(//div[@class="col-md-6 col-sm-6 col-xs-6"])[1]
	</frmDatePath>
	<frmDateValue>
		//*[@id='fare_20181214']
	</frmDateValue>
	>
	<toDatePath>(//div[@class="col-md-6 col-sm-6 col-xs-6"])[2]
	</toDatePath>
	<toDateValue>//*[@id='fare_20181216']</toDateValue>
	<homeTitle>
		Online flight booking, Hotels, Bus &amp; Holiday Packages at Goibibo
	</homeTitle>
	<HomeHeading>Book Domestic &amp; International Flight</HomeHeading>
	<HomeHeadingPath>//*[@id="searchWidgetNew"]/h1</HomeHeadingPath>
	<Travellers>
		<TravlField>//*[@id="pax_label"]</TravlField>
	</Travellers>
	<TravAdult>
		<trvAdultPlus>//*[@id="adultPaxPlus"]</trvAdultPlus>
		<trvAdultMinus>//*[@id="adultPaxMinus"]</trvAdultMinus>
		<trvAdultData>2</trvAdultData>
	</TravAdult>
	<trvChild>
		<trvChildMinus>//*[@id="childPaxMinus"]</trvChildMinus>
		<trvChildPlus>//*[@id="childPaxPlus"]</trvChildPlus>
		<trvChildData>3</trvChildData>
	</trvChild>
	<trvInf>
		<trvInfMinus>//*[@id="infantPaxMinus"]</trvInfMinus>
		<trvInfPlus>//*[@id="infantPaxPlus"]</trvInfPlus>
		<trvInfData>0</trvInfData>
	</trvInf>
	<classType>
		<class>//*[@id='gi_class']</class>
		<classVal>B</classVal>
	</classType>
	<AdultInp>//*[@id="adultPaxBox"]</AdultInp>
	<goBtn>//*[@id='gi_search_btn']</goBtn>
	<Book>
		<bookBtn>//input[@value='BOOK']</bookBtn>
		<Btn2>//*[@id="content"]/div/div[2]/div/div[4]/div/div[4]/div[2]/div[2]/div/div/span[1]/span
		</Btn2>
	</Book>
</ibibo>